<?xml version='1.0' encoding="utf-8"?>
<toc version="2.0">

    <tocitem target="roadmap.html"> Risk-Neutral Density Fitting
            <tocitem target="help_page1.html">Output Fields</tocitem>
            <tocitem target="help_page2.html">Loading/saving data</tocitem>
			<tocitem target="help_page3.html">Editing input data</tocitem>
			<tocitem target="help_page4.html">How to set order, kernel and method</tocitem>
			<tocitem target="help_page5.html">Exporting results</tocitem>
    </tocitem>

</toc>